Stream_ID,Component,Mass_flow_rate_kg/hr
10,EB,5752.71512
10,OX,5851.41408
10,MX,11590.4291
10,PX,6157.74256
10,TOL,18064.6891
10,TMBZ,21681.2265
10,TETRAMBZ,12633.8144
14,EB,198.985769
14,OX,144.588846
14,MX,343.126733
14,PX,189.992936
14,TOL,1684.15323
14,TMBZ,135.924763
14,TETRAMBZ,21.0494244
