Stream_ID,Component,Mass_flow_rate_kg/hr
10,EB,6248.7586
10,OX,6332.31573
10,MX,11159.5473
10,PX,5697.16923
10,C9S,60.097496
10,C9P,1.0893818
10,C9N,0.277934713
10,C9-5,24.501214
14,EB,216.296755
14,OX,156.562736
14,MX,330.606685
14,PX,175.913271
14,C9S,0.306968694
14,C9P,0.0281271642
14,C9N,0.00850264232
14,C9-5,0.429622888
