Stream_ID,Component,Mass_flow_rate_kg/hr
10,EB,6285.04976
10,OX,6320.4213
10,MX,11143.8047
10,PX,5697.1913
10,TOL,18076.4039
10,MEBZ,939.181894
10,TMBZ,21655.9204
10,PDEB,0.0
10,TETRAMBZ,12581.4917
10,C11,0.0
10,C11A,1769.00757
Total,Total,84468.472524
Aromatic Yield,Aromatic Yield,0.7095638565844962
