Stream_ID,Component,Mass_flow_rate_kg/hr
10,EB,6408.93356
10,OX,4855.46451
10,MX,8281.031
10,PX,4301.99622
10,TOL,14599.6353
10,MEBZ,751.213515
10,TMBZ,17281.2604
10,PDEB,0.0
10,TETRAMBZ,9985.94519
10,C11,0.0
10,C11A,1378.82068
Total,Total,67844.300375
Aromatic Yield,Aromatic Yield,0.7123939572362609
