Stream_ID,Component,Mass_flow_rate_kg/hr
10,EB,6040.01035
10,OX,8484.11458
10,MX,16192.8357
10,PX,8093.55025
10,TOL,23878.6192
10,TMBZ,29238.4611
10,TETRAMBZ,17158.4676
14,EB,203.491139
14,OX,204.50688
14,MX,466.911741
14,PX,243.139621
14,TOL,2168.02459
14,TMBZ,178.959485
14,TETRAMBZ,27.8961501
