Stream_ID,Component,Mass_flow_rate_kg/hr
10,EB,6248.85911
10,OX,6660.64362
10,MX,11863.8111
10,PX,6043.61275
10,TOL,18926.7136
10,MEBZ,986.183995
10,TMBZ,22746.3289
10,PDEB,0.0
10,TETRAMBZ,13232.9197
10,C11,0.0
10,C11A,1867.68058
Total,Total,88576.75335500001
Aromatic Yield,Aromatic Yield,0.7086426786807845
