Stream_ID,Component,Mass_flow_rate_kg/hr
10,EB,6285.29298
10,OX,6320.52234
10,MX,11143.6428
10,PX,5697.05808
10,TOL,18076.4395
10,MEBZ,939.181882
10,TMBZ,21655.936
10,PDEB,0.0
10,TETRAMBZ,12581.5069
10,C11,0.0
10,C11A,1769.01432
Total,Total,84468.59480200002
Aromatic Yield,Aromatic Yield,0.7095648837612247
