Stream_ID,Component,Mass_flow_rate_kg/hr
10,EB,6994.7257
10,OX,6210.60085
10,MX,10751.6519
10,PX,5647.7283
10,TOL,18047.9526
10,MEBZ,939.110592
10,TMBZ,21575.8347
10,PDEB,0.0
10,TETRAMBZ,12550.162
10,C11,0.0
10,C11A,1745.30942
Total,Total,84463.076062
Aromatic Yield,Aromatic Yield,0.7095185244709369
