Stream_ID,Component,Mass_flow_rate_kg/hr
10,EB,6285.17655
10,OX,6320.47691
10,MX,11143.7192
10,PX,5697.11947
10,TOL,18076.4214
10,MEBZ,939.181885
10,TMBZ,21655.9281
10,PDEB,0.0
10,TETRAMBZ,12581.4992
10,C11,0.0
10,C11A,1769.01088
Total,Total,84468.533595
Aromatic Yield,Aromatic Yield,0.7095643696016373
