Stream_ID,Component,Mass_flow_rate_kg/hr
10,EB,6448.44871
10,OX,4055.26894
10,MX,6868.98137
10,PX,3607.8196
10,TOL,12819.0262
10,MEBZ,657.252121
10,TMBZ,15092.2869
10,PDEB,0.0
10,TETRAMBZ,8695.46006
10,C11,0.0
10,C11A,1187.12075
Total,Total,59431.66465099999
Aromatic Yield,Aromatic Yield,0.7132088122706975
