Stream_ID,Component,Mass_flow_rate_kg/hr
10,EB,6212.79441
10,OX,6989.36699
10,MX,12584.7446
10,PX,6389.61922
10,TOL,19769.9377
10,TMBZ,23834.9439
10,TETRAMBZ,13885.2407
14,EB,213.416506
14,OX,171.573512
14,MX,369.992675
14,PX,195.772145
14,TOL,1829.87635
14,TMBZ,148.478162
14,TETRAMBZ,22.986018
