Stream_ID,Component,Mass_flow_rate_kg/hr
10,EB,6137.27914
10,OX,7620.2372
10,MX,14029.5585
10,PX,7070.82375
10,TOL,21432.033
10,MEBZ,1127.21443
10,TMBZ,26003.3487
10,PDEB,0.0
10,TETRAMBZ,15192.5755
10,C11,0.0
10,C11A,2165.8346
Total,Total,100778.90482
Aromatic Yield,Aromatic Yield,0.7054808570365309
