Stream_ID,Component,Mass_flow_rate_kg/hr
10,EB,10468.3841
10,OX,6721.27629
10,MX,8877.78788
10,PX,4113.62778
10,TOL,18231.4166
10,MEBZ,938.791508
10,TMBZ,21618.2429
10,PDEB,0.0
10,TETRAMBZ,12585.9911
10,C11,0.0
10,C11A,1765.99669
Total,Total,85321.514848
Aromatic Yield,Aromatic Yield,0.7167297018183527
