index,TEMP
1,548.71972
2,413.919889
2,549
3,459.184365
3,549
4,488.840673
4,549
5,518.232423
