SEC,TMIN,TMAX
SEC1,413.919889,548.71972
SEC2,459.184365,549.0
SEC3,488.840673,549.0
SEC4,518.232423,549.0
