Stream_ID,Temperature
28,469.179541
C,549.0
2,413.919888
1,549.0
3,459.184364
4,549.0
5,488.840673
7,549.0
8,518.232422
