Stream_ID,Component,Mass_flow_rate_kg/hr
10,EB,6380.91303
10,OX,5239.20454
10,MX,8993.4366
10,PX,4650.12567
10,TOL,15479.1882
10,MEBZ,798.199999
10,TMBZ,18375.4538
10,PDEB,0.0
10,TETRAMBZ,10632.8408
10,C11,0.0
10,C11A,1475.42339
Total,Total,72024.786029
Aromatic Yield,Aromatic Yield,0.7118031346707365
