Stream_ID,Component,Mass_flow_rate_kg/hr
10,EB,6104.37763
10,OX,7917.208
10,MX,14751.1059
10,PX,7413.04851
10,TOL,22254.4781
10,TMBZ,27084.5932
10,TETRAMBZ,15847.2208
14,EB,207.241517
14,OX,192.217933
14,MX,428.61305
14,PX,224.435197
14,TOL,2035.91641
14,TMBZ,166.931475
14,TETRAMBZ,25.9484723
