Stream_ID,Component,Mass_flow_rate_kg/hr
10,EB,6824.21516
10,OX,6236.76847
10,MX,10846.3072
10,PX,5662.92982
10,TOL,18058.9792
10,MEBZ,939.126423
10,TMBZ,21594.9596
10,PDEB,0.0
10,TETRAMBZ,12557.4523
10,C11,0.0
10,C11A,1750.80601
Total,Total,84471.544183
Aromatic Yield,Aromatic Yield,0.7095896595633003
