Stream_ID,Component,Mass_flow_rate_kg/hr
10,EB,5752.71512
10,OX,5851.41408
10,MX,11590.4291
10,PX,6157.74256
10,TOL,18064.6891
10,MEBZ,939.193972
10,TMBZ,21681.2265
10,PDEB,0.0
10,TETRAMBZ,12633.8144
10,C11,0.0
10,C11A,1792.82598
Total,Total,84464.05081199999
Aromatic Yield,Aromatic Yield,0.7095267127019838
