Stream_ID,Component,Mass_flow_rate_kg/hr
10,EB,6453.32662
10,OX,3643.26456
10,MX,6171.29738
10,PX,3261.36443
10,TOL,11918.2482
10,TMBZ,13998.8557
10,TETRAMBZ,8053.3792
14,EB,229.696283
14,OX,92.4790343
14,MX,188.001494
14,PX,103.590501
14,TOL,1144.00974
14,TMBZ,90.0821042
14,TETRAMBZ,13.7824363
