Stream_ID,Component,Mass_flow_rate_kg/hr
10,EB,6284.95814
10,OX,6320.25503
10,MX,11143.9128
10,PX,5697.33464
10,TOL,18076.4209
10,MEBZ,939.181881
10,TMBZ,21655.9383
10,PDEB,0.0
10,TETRAMBZ,12581.5174
10,C11,0.0
10,C11A,1769.01932
Total,Total,84468.53841100002
Aromatic Yield,Aromatic Yield,0.709564410057673
